{
  "preview": [
    {
      "views": [
        {
          "id": "codesandbox.browser"
        },
        {
          "id": "codesandbox.browser",
          "options": {
            "port": 38265
          },
          "closeable": true
        }
      ]
    },
    {
      "open": true,
      "views": [
        {
          "id": "codesandbox.terminal"
        },
        {
          "id": "codesandbox.console"
        },
        {
          "id": "codesandbox.problems"
        }
      ]
    }
  ]
}